Unnamed: 0,Z_FFT(f)
X Unit(Hz),Y Unit(mm)
X Value,Y Value(Real)
0,0.07257331162691116
0.0457763671875,-0.03644382013590075
0.091552734375,-0.0013321662208909402
0.1373291015625,0.002484196784280357
0.18310546875,-0.001608052457413578
0.2288818359375,-0.0011919202052013134
0.274658203125,0.004228544185025385
0.3204345703125,-0.0011198472975593177
0.3662109375,-0.0030117500955384457
0.4119873046875,0.0008395852546527749
0.457763671875,0.0022800065835326677
0.5035400390625,-0.0014529177860822529
0.54931640625,7.709520133403203e-05
0.5950927734375,-0.00021810190276028152
0.640869140625,-0.0003283980731794145
0.6866455078125,0.0013988171758683166
0.732421875,-0.0017279568282901892
0.7781982421875,0.0009200300041811715
0.823974609375,-0.00045922777758278244
0.8697509765625,0.001122728690461372
0.91552734375,-0.0009754709253684268
0.9613037109375,0.00012625645240404992
1.007080078125,3.826442807053354e-05
1.0528564453125,0.0007872357059568458
1.0986328125,-0.0012047436257489608
1.1444091796875,-0.0001647483856004328
1.190185546875,0.0013032571359872236
1.2359619140625,-0.0006938703904779686
1.28173828125,0.0005567987955146236
1.3275146484375,-0.0007493702014471637
1.373291015625,-0.00012059878429226956
1.4190673828125,0.000715877092716255
1.46484375,-0.0005472393809213827
1.5106201171875,8.510285809393281e-06
1.556396484375,0.0003194249416083039
1.6021728515625,-0.00015150256160723075
1.64794921875,0.0003887583943651407
1.6937255859375,-0.0007676949280721601
1.739501953125,0.0006060801638341218
1.7852783203125,-0.0002850618159300211
1.8310546875,-0.00019921566263292334
1.8768310546875,0.00042486962570364994
1.922607421875,-0.0005822279831591004
1.9683837890625,0.0006578717943739321
2.01416015625,-0.000998270820673497
2.0599365234375,0.0021592911707557505
2.105712890625,-0.001580611638019036
2.1514892578125,-0.0002299256181004239
2.197265625,0.0005653367907143547
2.2430419921875,4.324446223336054e-05
2.288818359375,-0.0005265025038170279
2.3345947265625,0.00015074820680638368
2.38037109375,0.0006740160642948467
2.4261474609375,-0.0006787440725020133
2.471923828125,9.025400515838555e-05
2.5177001953125,0.00040502456499780237
2.5634765625,-0.0007917292350612115
2.6092529296875,0.00027181843620383006
2.655029296875,0.0007934701216072426
2.7008056640625,-0.000534904074811493
2.74658203125,-0.00018101992793617683
2.7923583984375,4.2898879115682576e-05
2.838134765625,0.0002745959477579163
2.8839111328125,-6.984429035128414e-05
2.9296875,-0.0005223731136538845
2.9754638671875,0.0005917062253502081
3.021240234375,-0.0005343476345842646
3.0670166015625,0.0005215761120780371
3.11279296875,2.1822083695610672e-05
3.1585693359375,-0.00032174420994124375
3.204345703125,0.0004782644964507199
3.2501220703125,-0.0003904697507550736
3.2958984375,0.00012160732865140744
3.3416748046875,-0.0006281900368776405
3.387451171875,0.0006183091159073228
3.4332275390625,0.00022905105367954093
3.47900390625,-0.00043666355509230925
3.5247802734375,6.883790604206297e-05
3.570556640625,9.205931661426803e-05
3.6163330078125,0.00013087520756016602
3.662109375,-0.0003758463549274893
3.7078857421875,0.00015125765173706895
3.753662109375,0.00035835634548675444
3.7994384765625,-0.0005037312575950637
3.84521484375,0.0002962671885597956
3.8909912109375,-2.431129786373276e-05
3.936767578125,-1.1789054177313574e-05
3.9825439453125,7.920793620996847e-05
4.0283203125,-0.00025183641128023737
4.0740966796875,9.646807086483022e-05
4.119873046875,0.00033503960139569244
4.1656494140625,-0.0006811745265622449
4.21142578125,0.0005843634767188632
4.2572021484375,-0.00048783982720124186
4.302978515625,0.000501519309636933
4.3487548828125,-0.00036200012232256995
4.39453125,0.00022020077494744328
4.4403076171875,-0.0003193412396740314
4.486083984375,0.0003913835939783894
4.5318603515625,-0.00010029059893668091
4.57763671875,2.2471427385539755e-05
4.6234130859375,-0.0002686333289148024
4.669189453125,0.0003592474513425259
4.7149658203125,-0.00012155138051639369
4.7607421875,-0.00017987593992074835
4.8065185546875,0.0003717516676715604
4.852294921875,-0.00044143450850242516
4.8980712890625,0.00015461645830328052
4.94384765625,-2.804285692548092e-05
4.9896240234375,0.00022653546238871058
5.035400390625,-0.00028412173946890107
5.0811767578125,0.00043002009419979004
5.126953125,-0.0005451644824461255
5.1727294921875,0.00028407862373569515
5.218505859375,-9.720217519770813e-05
5.2642822265625,4.090270167012022e-05
5.31005859375,0.0002859092944618169
5.3558349609375,-0.00018689834746510314
5.401611328125,-4.278059506646059e-05
5.4473876953125,-9.177402660043299e-05
5.4931640625,9.127717248702538e-05
5.5389404296875,-0.00023546355976122868
5.584716796875,2.375258212339304e-05
5.6304931640625,0.0005035062144997937
5.67626953125,-0.00041315533394481463
5.7220458984375,7.677822111418209e-05
5.767822265625,9.378583598618206e-05
5.8135986328125,-0.00028233682769496227
5.859375,0.00034397584158796235
5.9051513671875,-0.0001519799184279691
5.950927734375,-9.276654822087949e-05
5.9967041015625,0.00039626948478144186
6.04248046875,-0.0004638393988898315
6.0882568359375,0.00017240277827568207
6.134033203125,6.761458060111636e-06
6.1798095703125,-5.163310135003485e-05
6.2255859375,0.00025208589704561746
6.2713623046875,-0.00033322152148684836
6.317138671875,-3.346857013752924e-05
6.3629150390625,0.00032619544754197705
6.40869140625,-0.0001833676606111112
6.4544677734375,8.468352774571031e-05
6.500244140625,2.953478528411324e-05
6.5460205078125,-0.0003239453576497908
6.591796875,0.00016786020751169417
6.6375732421875,0.00010062218791517807
6.683349609375,0.0001961841462616576
6.7291259765625,-0.00023390660430777643
6.77490234375,1.7255459283660457e-05
6.8206787109375,0.0001173232817563985
6.866455078125,-0.0004688056378654437
6.9122314453125,0.00042024058188872004
6.9580078125,0.000156797526074115
7.0037841796875,-0.00184662724223017
7.049560546875,0.0028280742299102712
7.0953369140625,-0.0010966519994326518
7.14111328125,-0.00038795207046860014
7.1868896484375,0.00036137689107818005
7.232666015625,-6.798197116353322e-06
7.2784423828125,-0.00026508476480557874
7.32421875,0.00022208027417036647
7.3699951171875,5.326239715941483e-05
7.415771484375,-4.7047844731196165e-05
7.4615478515625,-0.0002681342436972045
7.50732421875,0.00011502729080348217
7.5531005859375,4.451617741096925e-05
7.598876953125,-0.0001932262563286713
7.6446533203125,0.0005194432901589607
7.6904296875,-0.00022156652335070248
7.7362060546875,4.237355710756674e-05
7.781982421875,-3.0793252392413706e-05
7.8277587890625,-4.341181636391411e-05
7.87353515625,-0.00024048020463851572
7.9193115234375,0.0002741002447237406
7.965087890625,-3.163150452678565e-05
8.0108642578125,-8.167320686425228e-05
8.056640625,-3.125515846136295e-05
8.1024169921875,3.0888415381014056e-05
8.148193359375,5.854862550336293e-05
8.1939697265625,0.0003095557303822716
8.23974609375,-0.0002997451815645036
8.2855224609375,-2.4518797658856784e-05
8.331298828125,-0.00017352380154989078
8.3770751953125,0.000264397556293261
8.4228515625,-0.00022126424426005542
8.4686279296875,0.0003091497546847677
8.514404296875,-0.00029657550726369664
8.5601806640625,0.0002529009179852437
8.60595703125,-0.0001921917203162593
8.6517333984375,0.00016853819317930174
8.697509765625,-0.00029638135856657755
8.7432861328125,0.00034248213864884747
8.7890625,-0.00013310358326634741
8.8348388671875,-3.454704256000696e-05
8.880615234375,-0.00010017915030857694
8.9263916015625,0.000305609574979826
8.97216796875,-0.00029154452363400196
9.0179443359375,0.00016511698675003572
9.063720703125,-0.00010537578276625936
9.1094970703125,0.00019827645303394092
9.1552734375,-0.00018824556491381372
9.2010498046875,-5.484129061983367e-05
9.246826171875,0.00010788784976512034
9.2926025390625,-0.00033275858868364594
9.33837890625,0.0008369640340788465
9.3841552734375,-0.001117119609261863
9.429931640625,0.0011634056136244908
9.4757080078125,-0.0006543575636897003
9.521484375,-2.1967210273032833e-05
9.5672607421875,2.5270542991506773e-05
9.613037109375,0.00015396112473808898
9.6588134765625,-0.00024818908173074306
9.70458984375,0.00039430537412954436
9.7503662109375,1.25817833929176e-06
9.796142578125,-0.0006039498998688941
9.8419189453125,0.0005774783744527667
9.8876953125,-0.00032917606063165294
9.9334716796875,0.0002531290022034227
9.979248046875,-0.0002853901150956517
10.0250244140625,0.0002697224772418849
10.07080078125,-0.000175751736719576
10.1165771484375,-4.6152152322065376e-05
10.162353515625,0.0003606920984111639
10.2081298828125,-0.0004320490347708983
10.25390625,0.00023544961891275307
10.2996826171875,-3.9982630539725506e-05
10.345458984375,-5.409438585957105e-05
10.3912353515625,0.00027100065835838905
10.43701171875,-0.0004496171186474385
10.4827880859375,0.000551261393866298
10.528564453125,-0.0005045056354902044
10.5743408203125,0.0002972173831494729
10.6201171875,-0.00011261982280075244
10.6658935546875,2.4873600068531232e-05
10.711669921875,-0.00021828465435191902
10.7574462890625,0.00016106034195217944
10.80322265625,0.00034086212963302387
10.8489990234375,-0.0003657601439499558
10.894775390625,-0.00012929068304856628
10.9405517578125,0.0001993006009115561
10.986328125,-0.00013720072900014202
11.0321044921875,0.00018760167108666792
11.077880859375,0.0002969783849948726
11.1236572265625,-0.000641783628907433
11.16943359375,0.00024061560566224216
11.2152099609375,0.00020426156766006898
11.260986328125,3.005583559811953e-06
11.3067626953125,-0.00028982935873500537
11.3525390625,-8.14126082104849e-05
11.3983154296875,0.0004516963088008197
11.444091796875,-0.0004751751703224727
11.4898681640625,0.00028114268957324384
11.53564453125,1.5130936503737757e-05
11.5814208984375,-0.00010707556441502675
11.627197265625,-0.00013271512955270737
11.6729736328125,0.00013217122329933773
11.71875,-4.006844278592325e-05
11.7645263671875,0.0005732042609452037
11.810302734375,-0.000779920696913905
11.8560791015625,0.00013792468678275327
11.90185546875,0.00015822125476461224
11.9476318359375,3.0885807689173816e-05
11.993408203125,6.686798315058695e-05
12.0391845703125,-3.358055877811239e-05
12.0849609375,-0.00036730691022057727
12.1307373046875,0.0005281863764139416
12.176513671875,-0.0003011052456258767
12.2222900390625,3.3085441941693716e-05
12.26806640625,2.1445361042538025e-05
12.3138427734375,0.0003005643520737067
12.359619140625,-0.00041298943642686936
12.4053955078125,0.00021493387691862154
12.451171875,-0.00016481936881973525
12.4969482421875,-7.345583696860558e-05
12.542724609375,0.00025197604713866895
12.5885009765625,-7.098633147961664e-05
12.63427734375,0.00017445699995732866
12.6800537109375,-0.0005254433403933945
12.725830078125,0.00029705208248742565
12.7716064453125,8.425566022651765e-05
12.8173828125,1.881778466383821e-05
12.8631591796875,-0.00042768218122546386
12.908935546875,0.0005818351951347722
12.9547119140625,-0.0002699757999380381
13.00048828125,0.000262166764741778
13.0462646484375,-0.0003773846799504099
13.092041015625,6.1029076903196255e-05
13.1378173828125,0.00031302485581363726
13.18359375,-0.000519174079727236
13.2293701171875,0.0004394019867959287
13.275146484375,-5.110901035720872e-06
13.3209228515625,-0.0003346955566030374
13.36669921875,0.00012564395035497
13.4124755859375,0.0002069986777541999
13.458251953125,-0.00018474530349976703
13.5040283203125,0.0002704870212255628
13.5498046875,-0.0004768791086462443
13.5955810546875,0.00030223824865061033
13.641357421875,7.594853457248973e-05
13.6871337890625,-0.00025096329636653536
13.73291015625,0.000452718353471937
13.7786865234375,-0.00029143157576072554
13.824462890625,-0.0001117236863024118
13.8702392578125,0.00014743167753294983
13.916015625,-0.00025974031814257614
13.9617919921875,0.00022127181864561862
14.007568359375,-0.0009484505767431983
14.0533447265625,0.002779050191747956
14.09912109375,-0.002712568175411434
14.1448974609375,0.0005366854907151719
14.190673828125,0.0003247833149089274
14.2364501953125,-3.885276811388394e-05
14.2822265625,9.356299734974982e-06
14.3280029296875,2.351601935401959e-05
14.373779296875,-0.0001152890547473362
14.4195556640625,0.00029243162202874373
14.46533203125,-8.494132686109879e-05
14.5111083984375,-0.0003385786442322569
14.556884765625,0.00036075786624678585
14.6026611328125,-0.0003076814607538836
14.6484375,0.00027210634812036005
14.6942138671875,3.339440723948428e-06
14.739990234375,-0.00023686757799623592
14.7857666015625,2.8282682862368347e-05
14.83154296875,0.0002597991510810971
14.8773193359375,-0.0003397027228402294
14.923095703125,0.00036730688179886783
14.9688720703125,-0.0002273678347819441
15.0146484375,0.00017803914431624435
15.0604248046875,-0.00031941095812726417
15.106201171875,0.00021793320570395736
15.1519775390625,8.35417157674101e-06
15.19775390625,7.257477818711777e-05
15.2435302734375,-0.00024511405172233935
15.289306640625,0.00042637421415747667
15.3350830078125,-0.00032162026286641776
15.380859375,-8.288421327051765e-05
15.4266357421875,0.00016900806087960518
15.472412109375,-8.587078781374657e-05
15.5181884765625,0.00022745676631075185
15.56396484375,-0.0001848096786716269
15.6097412109375,3.5987952173854865e-05
15.655517578125,-0.0001759911327781083
15.7012939453125,0.00028114689598623954
15.7470703125,-0.00019843159293486679
15.7928466796875,0.0002577596092123713
15.838623046875,6.194792234737179e-05
15.8843994140625,-0.00048640117711329367
15.93017578125,0.00010356747282003198
15.9759521484375,1.1369101216018862e-05
16.021728515625,0.0003400126047381491
16.0675048828125,-0.0003965229495861422
16.11328125,0.0006372318921421538
16.1590576171875,-0.0009218567811331013
16.204833984375,0.000580611356326699
16.2506103515625,-0.00032561607099523826
16.29638671875,5.761158661243826e-05
16.3421630859375,0.00014810335358106386
16.387939453125,7.819128455821556e-06
16.4337158203125,0.0001761267895972196
16.4794921875,-0.0002553711340169684
16.5252685546875,-0.0003206502583452675
16.571044921875,0.0006778470265089709
16.6168212890625,-0.0003739778833278251
16.66259765625,0.00014547207172199705
16.7083740234375,-2.857017555868424e-05
16.754150390625,-0.00020535719613690162
16.7999267578125,0.0002143114556929504
16.845703125,-3.3677014954491824e-05
16.8914794921875,1.0350274415316107e-05
16.937255859375,-8.14761147438503e-06
16.9830322265625,-0.0001615457563275413
17.02880859375,0.00017489971071427135
17.0745849609375,0.00012429833873284224
17.120361328125,-0.0002993969019371434
17.1661376953125,0.00023692442141509673
17.2119140625,-0.00032058227361631
17.2576904296875,0.0004525205383743014
17.303466796875,-0.00020998484728806943
17.3492431640625,0.0001235402606880598
17.39501953125,-0.00022673550859053648
17.4407958984375,0.00020079808393802523
17.486572265625,-0.00023833588613797474
17.5323486328125,-7.934834655998202e-05
17.578125,0.0005230464239502908
17.6239013671875,-0.00047033418582032027
17.669677734375,2.4660899100581446e-05
17.7154541015625,0.0002323792926972601
17.76123046875,9.377871634796975e-05
17.8070068359375,-0.00048098473826030386
17.852783203125,0.00041254401139667607
17.8985595703125,-3.501698842001133e-05
17.9443359375,-0.0002690453015929961
17.9901123046875,0.00021309875819497393
18.035888671875,-2.5974829398478505e-05
18.0816650390625,-0.00011519458809061689
18.12744140625,0.0001383321830417117
18.1732177734375,0.00010845694475847267
18.218994140625,9.046768667531069e-05
18.2647705078125,-0.00012372727553611185
18.310546875,-0.00029658784228558943
18.3563232421875,-0.00031424437452187703
18.402099609375,0.0009673671002019546
18.4478759765625,-0.0006201782412063039
18.49365234375,0.00023949647243171057
18.5394287109375,-0.0002748334679836262
18.585205078125,-0.00018594084849610226
18.6309814453125,0.0005775196427748597
18.6767578125,4.929790975438664e-05
18.7225341796875,-2.2577141933766143e-05
18.768310546875,-0.0006037414550519316
18.8140869140625,0.0002451955936066952
18.85986328125,8.611181812057112e-05
18.9056396484375,-3.971264916913242e-05
18.951416015625,0.00041818327645160025
18.9971923828125,-0.00013734155857036967
19.04296875,-0.0003581401699648268
19.0887451171875,0.0002852258660368534
19.134521484375,-0.0004104883259969938
19.1802978515625,0.0003779836674766557
19.22607421875,7.20836155210236e-05
19.2718505859375,-0.00022207410665942007
19.317626953125,-2.5941240267002286e-05
19.3634033203125,-2.1417047690874824e-05
19.4091796875,0.00019946955376326514
19.4549560546875,-0.0002590743122254935
19.500732421875,8.572163068265581e-05
19.5465087890625,0.0003673675905702112
19.59228515625,-0.00019395911010633426
19.6380615234375,-6.269132057923343e-05
19.683837890625,-0.00017164080645670765
19.7296142578125,0.00034955490946231293
19.775390625,-0.000483215671920334
19.8211669921875,0.0005913612426411419
19.866943359375,-0.0006038723086021491
19.9127197265625,0.0003671905801638786
19.95849609375,-6.42701252218103e-05
20.0042724609375,-0.00022475055061477178
20.050048828125,0.00045204672005638713
20.0958251953125,-0.00022961430090617796
20.1416015625,-0.00015160298971750308
20.1873779296875,0.00029463021178344206
20.233154296875,-0.00025758905053407943
20.2789306640625,0.0002204903069014108
20.32470703125,-0.0002518766564207908
20.3704833984375,0.0002614916354559682
20.416259765625,-0.00040074334606288176
20.4620361328125,0.00034983497698704014
20.5078125,0.00020231142627835652
20.5535888671875,-0.0003055544084418216
20.599365234375,-0.00043045207576142275
20.6451416015625,0.000519666571108246
20.69091796875,-5.105500378022043e-05
20.7366943359375,-9.180103432981923e-05
20.782470703125,1.3592131864470502e-05
20.8282470703125,0.0001633261774713901
20.8740234375,-0.0004414618217651878
20.9197998046875,0.0008558707804695587
20.965576171875,-0.0002459160839407559
21.0113525390625,0.00041321817434436525
21.05712890625,-0.0009690871820566826
21.1029052734375,-0.0005405376555245311
21.148681640625,5.710182904294925e-05
21.1944580078125,0.0012075632866981323
21.240234375,-0.00018977004856424173
21.2860107421875,-5.6751275678834645e-05
21.331787109375,-0.0002931745655132545
21.3775634765625,-8.236903425995479e-05
21.42333984375,0.00038185774542398576
21.4691162109375,-0.0004312067005685094
21.514892578125,-3.303114581854061e-05
21.5606689453125,0.0007389492679976684
21.6064453125,-0.000364384845852328
21.6522216796875,0.0006373015821736772
21.697998046875,-0.0022797421479481272
21.7437744140625,0.0025765393729670905
21.78955078125,-0.0008433722200607008
21.8353271484375,-0.0005092892365610169
21.881103515625,0.0001921569321439165
21.9268798828125,0.0003044847574074083
21.97265625,-0.00032286354212374135
22.0184326171875,0.00028976373300793057
22.064208984375,-0.00022334725713335501
22.1099853515625,-1.6046779904854702e-05
22.15576171875,7.981341099139172e-05
22.2015380859375,-3.569756401589075e-05
22.247314453125,0.0001989569540228331
22.2930908203125,-0.00018836246340470097
22.3388671875,-1.1384847731221726e-05
22.3846435546875,7.802287704805622e-06
22.430419921875,0.00010736228261976066
22.4761962890625,-0.00016736828456487274
22.52197265625,0.00024036691570472613
22.5677490234375,-0.0001196879537701534
22.613525390625,-0.000130790581920337
22.6593017578125,0.00022345770389620156
22.705078125,-0.00040628950159771193
22.7508544921875,0.0006665513296866266
22.796630859375,-0.0005361438297768473
22.8424072265625,0.0002058247758895959
22.88818359375,-0.0001697804066225217
22.9339599609375,0.00024405548515460396
22.979736328125,-0.00018438520044128381
23.0255126953125,3.229393996662111e-05
23.0712890625,6.188533774320604e-05
23.1170654296875,1.0711131537277652e-05
23.162841796875,5.466961994216035e-05
23.2086181640625,-0.0003330835625092732
23.25439453125,0.00019782822846536874
23.3001708984375,0.0001579869604029227
23.345947265625,-0.00026246573270327644
23.3917236328125,0.0002510619481199683
23.4375,-0.0002662975191469741
23.4832763671875,0.00027987212547486706
23.529052734375,-4.419578303327398e-05
23.5748291015625,-4.655029783862119e-05
23.62060546875,-5.4530847393152726e-05
23.6663818359375,-0.00014335995501824073
23.712158203125,0.000353169866684766
23.7579345703125,-0.0002483193384250626
23.8037109375,0.00016213184039770567
23.8494873046875,-9.990949223492862e-05
23.895263671875,-0.00011418919854122578
23.9410400390625,0.00011658611498432947
23.98681640625,9.700740655205209e-06
24.0325927734375,6.015214637500321e-05
24.078369140625,-0.0001646590135351289
24.1241455078125,0.00012660157722166332
24.169921875,-1.2912914293394806e-05
24.2156982421875,-4.655513308193804e-05
24.261474609375,0.00013779079210962664
24.3072509765625,-0.0002543847301694768
24.35302734375,0.00016567210536777566
24.3988037109375,-8.695484865484104e-05
24.444580078125,0.00021086995616315107
24.4903564453125,-0.00021696608598631428
24.5361328125,5.3740425443038475e-05
24.5819091796875,-7.652941391711465e-06
24.627685546875,9.40772935109635e-05
24.6734619140625,-0.00016358036702968093
24.71923828125,0.00013392700282111036
24.7650146484375,-6.951284348133413e-05
24.810791015625,-6.142521868923723e-05
24.8565673828125,0.0003712236775754718
24.90234375,-0.0004710595078449842
24.9481201171875,0.00022048108405670064
24.993896484375,-5.8322410012578985e-05
25.0396728515625,3.148574378997182e-05
25.08544921875,3.9740001511745504e-05
25.1312255859375,-6.989255751932433e-05
25.177001953125,0.0001242209890506274
25.2227783203125,-0.00034550294003565796
25.2685546875,0.00038863936424604617
25.3143310546875,-0.00023214607836052892
25.360107421875,2.160540724105431e-05
25.4058837890625,0.00012719074504730088
25.45166015625,0.00018885930330725387
25.4974365234375,-0.0004391609991216683
25.543212890625,0.0002354738626308972
25.5889892578125,-8.166982468083006e-05
25.634765625,4.0480959029309815e-05
25.6805419921875,1.533086657623528e-06
25.726318359375,-1.4327152797477538e-05
25.7720947265625,0.00011001080935102436
25.81787109375,-9.187605343186078e-05
25.8636474609375,-8.949859875428956e-05
25.909423828125,7.115629330201045e-05
25.9552001953125,-6.871746904835163e-05
26.0009765625,0.000220449180687865
26.0467529296875,-0.00025571236506038986
26.092529296875,2.9613822505325516e-05
26.1383056640625,0.00014802836290073174
26.18408203125,3.5876912107823955e-05
26.2298583984375,-2.4416246802161368e-05
26.275634765625,-4.5243705670827694e-05
26.3214111328125,-7.512777955298588e-05
26.3671875,-0.00019152093955199234
26.4129638671875,0.0004571992349156062
26.458740234375,-0.00017109167060880281
26.5045166015625,-0.0001600239869503639
26.55029296875,0.00018216067587673024
26.5960693359375,-4.9175298499903874e-05
26.641845703125,-4.825204769076663e-05
26.6876220703125,4.776637752001989e-05
26.7333984375,-0.00011773141039839174
26.7791748046875,0.00023340321320119983
26.824951171875,-0.0003055075978863897
26.8707275390625,0.0001406291829653128
26.91650390625,-6.111000061537197e-05
26.9622802734375,0.00020846488268944086
27.008056640625,1.633458701633117e-05
27.0538330078125,-0.0002948629287402582
27.099609375,0.00025478962584202236
27.1453857421875,-0.00018056320527648495
27.191162109375,0.00022228461205031635
27.2369384765625,-3.122995906323922e-05
27.28271484375,-0.00028798299922527804
27.3284912109375,0.00014861311115055287
27.374267578125,-2.9088047526215632e-05
27.4200439453125,3.495362577154992e-05
27.4658203125,0.00010067388700463198
27.5115966796875,0.0001233216124774117
27.557373046875,-0.0005583910933637526
27.6031494140625,0.0003534140091687732
27.64892578125,0.00014700485451157874
27.6947021484375,-0.00021811744943533995
27.740478515625,-2.5386052371345613e-05
27.7862548828125,0.0002967359762351407
27.83203125,-0.00025859685592877213
27.8778076171875,-7.88497878101424e-07
27.923583984375,0.00046235768991209625
27.9693603515625,-0.0001784224679113322
28.01513671875,-0.0003630317451097653
28.0609130859375,-0.0003680244162751478
28.106689453125,8.030830223049179e-06
28.1524658203125,0.0016240701370406896
28.1982421875,-0.000575959916204738
28.2440185546875,-0.0011545091638254235
28.289794921875,0.0005840051358063647
28.3355712890625,-3.022232064608943e-05
28.38134765625,0.0002711488775730686
28.4271240234375,-0.0002777884731131053
28.472900390625,-7.97208059566401e-05
28.5186767578125,0.0004419543699896167
28.564453125,-0.0005965928835394152
28.6102294921875,2.4053608882468325e-05
28.656005859375,-0.00017616187619751145
28.7017822265625,0.0013322501217771787
28.74755859375,-0.0013815304100717185
28.7933349609375,0.001264544494006259
28.839111328125,-0.0010724048706833855
28.8848876953125,0.00010798821392654645
28.9306640625,0.000202152776296316
28.9764404296875,5.324762497593838e-05
29.022216796875,-8.261575601409277e-05
29.0679931640625,-5.322763740878145e-05
29.11376953125,0.00013102093987527041
29.1595458984375,0.00010255469362618896
29.205322265625,-0.00030396242323149636
29.2510986328125,3.9959822117907606e-05
29.296875,0.0002018074525267366
29.3426513671875,-3.370080392528507e-05
29.388427734375,7.895567932791892e-05
29.4342041015625,-0.00020905227415823902
29.47998046875,-7.929332923595211e-05
29.5257568359375,0.0002449575049467967
29.571533203125,-3.7177600997750915e-06
29.6173095703125,-0.0002560164205078763
29.6630859375,0.00010951913509416045
29.7088623046875,0.00012949575989296136
29.754638671875,0.00010179071097127235
29.8004150390625,-0.0002562222221058619
29.84619140625,6.293271326285321e-05
29.8919677734375,0.00011882126216278266
29.937744140625,-0.00021927301929736132
29.9835205078125,0.00029722397698606073
30.029296875,-0.000420064992567859
30.0750732421875,0.00021668863325885468
30.120849609375,-0.00017564985910212272
30.1666259765625,0.0007164989028751734
30.21240234375,-0.0007556825494248187
30.2581787109375,0.0003613398291690828
30.303955078125,-0.0001197810632902474
30.3497314453125,-8.102901460915746e-05
30.3955078125,0.00016177574480025214
30.4412841796875,-6.762110871250115e-05
30.487060546875,-6.566874333202577e-05
30.5328369140625,-9.151657565098503e-05
30.57861328125,3.933309233872251e-06
30.6243896484375,0.0003934150072382181
30.670166015625,-0.0002119241457876342
30.7159423828125,-7.757667219721043e-05
30.76171875,-8.841747956012114e-05
30.8074951171875,0.0001668581290914517
30.853271484375,-0.00010075751077920359
30.8990478515625,0.0002948239341549197
30.94482421875,-0.00035548015375752584
30.9906005859375,0.00014256742986162863
31.036376953125,-0.00018400511692107102
31.0821533203125,0.00014335050479985512
31.1279296875,3.847566887316134e-05
31.1737060546875,0.0002037623971773428
31.219482421875,-0.0003090313214215712
31.2652587890625,6.299798371856014e-05
31.31103515625,0.00012982749808543304
31.3568115234375,-0.00011690779899709014
31.402587890625,-0.0002175006130755719
31.4483642578125,0.0005404795615504554
31.494140625,-0.00029902844289608765
31.5399169921875,-0.00042361511987110134
31.585693359375,0.0008377139124604582
31.6314697265625,-0.0006589708050341869
31.67724609375,0.0003279457985172485
31.7230224609375,-0.0001176903765554016
31.768798828125,-0.00016556393234168354
31.8145751953125,0.00040613434748593136
31.8603515625,-0.00022189023241026007
31.9061279296875,-1.6545603997997205e-05
31.951904296875,-6.973760946493712e-05
31.9976806640625,6.812478403617206e-05
32.04345703125,0.00012274743710349867
32.0892333984375,-2.83537886502927e-05
32.135009765625,-0.00021908515179802635
32.1807861328125,0.00012466591670090565
32.2265625,-6.901515092749833e-05
32.2723388671875,6.3038058328857e-05
32.318115234375,0.000122468790664243
32.3638916015625,-8.743150203827099e-05
32.40966796875,-5.8441383288254656e-05
32.4554443359375,0.00010137763695183821
32.501220703125,-0.00017358220816277026
32.5469970703125,0.0003320591304145637
32.5927734375,-0.0003019334826603881
32.6385498046875,0.00013045288937973964
32.684326171875,5.531648383794163e-05
32.7301025390625,-0.00018113557587184914
32.77587890625,2.663793630119926e-06
32.8216552734375,-5.49994183529634e-05
32.867431640625,0.0002629562629863358
32.9132080078125,-0.0002743001630278741
32.958984375,0.0003681151952150685
33.0047607421875,-0.00019653344907055725
33.050537109375,-0.00020643045672841254
33.0963134765625,0.0003598298405904643
33.14208984375,-0.0003623754878390173
33.1878662109375,0.0003034983535599167
33.233642578125,0.0002589729035662458
33.2794189453125,-0.0005383255938795628
33.3251953125,-0.0002500281368611468
33.3709716796875,0.0005879645641471143
33.416748046875,0.0001530912214775526
33.4625244140625,-0.0004899222290077887
33.50830078125,3.147152938254294e-05
33.5540771484375,0.00016464599639220978
33.599853515625,0.0001452028897119817
33.6456298828125,-0.0002513210972665547
33.69140625,1.4328508157746e-05
33.7371826171875,-4.006130893685622e-05
33.782958984375,0.000264191328369634
33.8287353515625,-0.00022662713661247835
33.87451171875,-0.00024018558519856015
33.9202880859375,0.000649787523343548
33.966064453125,-8.536286344451582e-05
34.0118408203125,-0.0006094082891650032
34.0576171875,0.0003991943060555059
34.1033935546875,-3.6375656264908685e-05
34.149169921875,-0.00013738120685502508
34.1949462890625,0.000102455445016858
34.24072265625,-0.000173141671666599
34.2864990234375,0.0004604194998591993
34.332275390625,-0.00012738242105569952
34.3780517578125,-0.000279485817600289
34.423828125,3.009268212395e-05
34.4696044921875,0.0006818942779318604
34.515380859375,-0.0005311525796969363
34.5611572265625,-0.0007153308843044215
34.60693359375,0.0005216912200012302
34.6527099609375,7.823216918723119e-05
34.698486328125,0.00018393215839296317
34.7442626953125,-0.00015677392184443306
34.7900390625,7.267905743901792e-05
34.8358154296875,2.1501845637317274e-05
34.881591796875,-2.7310496975019305e-05
34.9273681640625,-0.00031088507057575043
34.97314453125,0.0008048602353483147
35.0189208984375,-0.0007567678039777093
35.064697265625,0.0007602367304571089
35.1104736328125,-0.0012087896266166354
35.15625,0.0007149650400606333
35.2020263671875,-3.636565182318918e-05
35.247802734375,0.0010076564649352804
35.2935791015625,-0.0007788603966218943
35.33935546875,-0.0006012155040480138
35.3851318359375,-0.00022192220683336927
35.430908203125,0.000727208032458293
35.4766845703125,-0.0002791567510485038
35.5224609375,0.00018857734573884954
35.5682373046875,-8.656672179085945e-05
35.614013671875,0.0001462264975771177
35.6597900390625,0.0002835102463905059
35.70556640625,-0.00017472872571033804
35.7513427734375,-0.0015497148524445947
35.797119140625,0.0027514254270499805
35.8428955078125,-0.001912248762891977
35.888671875,-0.00019743582413411787
35.9344482421875,0.001331466705778439
35.980224609375,-0.0010027890766650671
36.0260009765625,0.0003116678328751732
36.07177734375,0.00016456105811357702
36.1175537109375,-0.00013338396342987835
36.163330078125,-8.278320251520199e-05
36.2091064453125,0.0004737791243769607
36.2548828125,-3.3340427307848586e-05
36.3006591796875,-0.0003283621765604039
36.346435546875,-0.0007074964400999306
36.3922119140625,0.0014275753983383765
36.43798828125,-0.0008433440825683647
36.4837646484375,-0.00021404292738225195
36.529541015625,0.0008350417601832305
36.5753173828125,-0.00045702410034209606
36.62109375,1.1005702127420136e-05
36.6668701171875,-0.00026512327622185694
36.712646484375,0.00030412115847866517
36.7584228515625,-0.00025045270035661815
36.80419921875,-1.4623942945490853e-05
36.8499755859375,0.0004430883109307615
36.895751953125,-0.0004614531121660548
36.9415283203125,0.00035571375178733433
36.9873046875,-0.0009317082003690302
37.0330810546875,0.0014339302651933394
37.078857421875,-0.00041967052766267443
37.1246337890625,-0.0004063936955844838
37.17041015625,0.0004248612697210774
37.2161865234375,-0.0006667658567494072
37.261962890625,0.0007504223162868584
37.3077392578125,-0.0004576403398459661
37.353515625,0.0004094481766969693
37.3992919921875,-0.0008958510875345382
37.445068359375,0.0005126556743562105
37.4908447265625,0.000416657258028863
37.53662109375,-0.000350032678397838
37.5823974609375,-0.0001410282663982798
37.628173828125,0.00034600279263941047
37.6739501953125,-0.00047817798076721374
37.7197265625,0.0007973112587933429
37.7655029296875,-0.0005392271873461141
37.811279296875,-0.00023423406503297883
37.8570556640625,0.00014833902639566077
37.90283203125,0.00033576444025129604
37.9486083984375,-9.181360383081483e-05
37.994384765625,0.0002162270362759955
38.0401611328125,-0.0005045748707743769
38.0859375,7.7672972054188e-05
38.1317138671875,-0.00011062694227348402
38.177490234375,0.00022158040735575923
38.2232666015625,0.0003759406581593794
38.26904296875,-0.0008074252946244087
38.3148193359375,0.0005854892037859827
38.360595703125,-0.00029785749688926444
38.4063720703125,0.0004235783421790984
38.4521484375,-0.0007260623533511534
38.4979248046875,0.0004454228985650843
38.543701171875,9.430161895807032e-05
38.5894775390625,-9.046875959484169e-05
38.63525390625,0.000700121347563254
38.6810302734375,-0.0011537609907463775
38.726806640625,-1.28852679637248e-05
38.7725830078125,0.00032000332339521265
38.818359375,0.00015740529590857477
38.8641357421875,0.0001776505911266213
38.909912109375,-0.0005345950739865657
38.9556884765625,0.0007258950063260272
39.00146484375,-0.0006598739901164663
39.0472412109375,0.0006669340564258164
39.093017578125,-0.00013077148253159976
39.1387939453125,-0.0011726102684406214
39.1845703125,0.001764803073456278
39.2303466796875,-0.0011879154726557317
39.276123046875,-0.0002522079398659116
39.3218994140625,0.0009846629609455704
39.36767578125,-0.00047553700710523117
39.4134521484375,0.0004051851192343747
39.459228515625,-0.0005207203344070876
39.5050048828125,5.200314134867767e-05
39.55078125,0.00031829770819058467
39.5965576171875,-0.00042466143668207224
39.642333984375,0.00022182381087532121
39.6881103515625,3.483656030311977e-05
39.73388671875,4.8108478978292624e-05
39.7796630859375,0.00010686474638532673
39.825439453125,-0.0006486570782726631
39.8712158203125,0.0009622098104955512
39.9169921875,-0.0007432842608068313
39.9627685546875,0.00014713141638367233
40.008544921875,-0.00011980748126916296
40.0543212890625,0.0003471045886271895
40.10009765625,9.291721880799741e-05
40.1458740234375,8.724448008479158e-05
40.191650390625,-0.0005143082262293319
40.2374267578125,0.0006992087264734437
40.283203125,-0.001576047566231864
40.3289794921875,0.0016190934957194258
40.374755859375,-0.0006805531143072585
40.4205322265625,0.0004341930832651997
40.46630859375,3.3988558634234778e-06
40.5120849609375,-0.000418684663827662
40.557861328125,-0.0001444241917170075
40.6036376953125,0.0005828648568240169
40.6494140625,-0.0005938656499893114
40.6951904296875,0.0002047344054290079
40.740966796875,-0.000204795725267104
40.7867431640625,0.0005152661515239743
40.83251953125,-9.241519194347347e-05
40.8782958984375,0.00023121627634736797
40.924072265625,-0.0009663785931479651
40.9698486328125,0.0006687826612505887
41.015625,0.00036911808365402976
41.0614013671875,-0.000566696996884275
41.107177734375,-8.254080796632479e-05
41.1529541015625,-0.0001126665196693466
41.19873046875,0.0005252739470051893
41.2445068359375,-0.0004491639629122801
41.290283203125,0.0007199363381005242
41.3360595703125,-0.0006969479500185116
41.3818359375,0.00022667082077987288
41.4276123046875,-0.00023457481290733995
41.473388671875,0.0006403654424502747
41.5191650390625,-0.0004067728411882854
41.56494140625,3.5765872041793045e-05
41.6107177734375,-0.00046229797590058297
41.656494140625,0.00020757262575443747
41.7022705078125,0.00044868670556752477
41.748046875,-0.00023997364451133762
41.7938232421875,0.0003406501321023825
41.839599609375,-0.0005355809093998687
41.8853759765625,0.00048049855649878737
41.93115234375,-0.0002870019102374499
41.9769287109375,-0.00044114892716606846
42.022705078125,0.0002984280627060798
42.0684814453125,0.00044698049350699876
42.1142578125,1.116204462192627e-05
42.1600341796875,-0.0003507355188503425
42.205810546875,-0.000791864636084938
42.2515869140625,0.0015974057987477863
42.29736328125,-0.0005951676484983182
42.3431396484375,-0.000667247434193996
42.388916015625,0.00045568143036689435
42.4346923828125,-8.07159921123457e-05
42.48046875,0.00041230205738429504
42.5262451171875,0.00039238773297256557
42.572021484375,-0.0011176904308740632
42.6177978515625,0.0005401886369327258
42.66357421875,-0.0003742553360552847
42.7093505859375,-0.00013728066505791503
42.755126953125,0.00033228607776436547
42.8009033203125,0.0016713453305783332
42.8466796875,-0.003174076255163527
42.8924560546875,0.0021288185507728485
42.938232421875,0.0010678950275178067
42.9840087890625,-0.0025706824544613482
43.02978515625,0.0009003800300888543
43.0755615234375,-0.0009227415489476698
43.121337890625,0.0007232189318528981
43.1671142578125,0.0009383999213241623
43.212890625,-0.002034158796959673
43.2586669921875,0.003203429059794871
43.304443359375,-0.0020311138086981373
43.3502197265625,0.0016884462183952564
43.39599609375,-0.005975845851935446
43.4417724609375,0.007721583642705809
43.487548828125,-0.00598255246586632
43.5333251953125,0.0023648981368751265
43.5791015625,0.0035776586173597025
43.6248779296875,-0.003886405011144234
43.670654296875,0.0003497301293009514
43.7164306640625,0.00024033195700212673
43.76220703125,0.00042963347368640825
43.8079833984375,-0.0009057285410563054
43.853759765625,0.0011920544693566626
43.8995361328125,-0.0006880493401695276
43.9453125,0.0008594817018092726
43.9910888671875,-0.0020025506728416076
44.036865234375,0.0014981425238147494
44.0826416015625,-0.0006375175303219294
44.12841796875,-8.375525339943124e-05
44.1741943359375,0.0010298144843545742
44.219970703125,-0.00020581856574608537
44.2657470703125,-0.0009444880220144114
44.3115234375,0.0005165009611118876
44.3572998046875,2.4706400481022683e-05
44.403076171875,-0.00033772417395994125
44.4488525390625,0.0005232651005826483
44.49462890625,9.932621480857051e-05
44.5404052734375,-0.0006339980131997436
44.586181640625,0.000417685157572123
44.6319580078125,5.832561811303094e-05
44.677734375,2.7649480482949684e-06
44.7235107421875,-0.0001634894744029225
44.769287109375,0.00022531878585141385
44.8150634765625,-0.00031388486831929185
44.86083984375,-6.531006135901407e-05
44.9066162109375,0.00041011230678122956
44.952392578125,-0.0006475582949860836
44.9981689453125,0.0006719736802551779
45.0439453125,-0.0005642445444209443
45.0897216796875,0.0003947283175875782
45.135498046875,0.0002632197038110462
45.1812744140625,-0.0005355004191187618
45.22705078125,0.0004259187846855639
45.2728271484375,-0.0004949330332237878
45.318603515625,0.00020147703594375344
45.3643798828125,0.0001675768146469636
45.41015625,5.844496442364289e-06
45.4559326171875,-0.0001705492849168877
45.501708984375,-0.00012359920731341845
45.5474853515625,0.0002339563138775702
45.59326171875,0.0003233537029245781
45.6390380859375,-0.0006082544814489665
45.684814453125,0.0003053752095638629
45.7305908203125,-0.00043831991547449434
45.7763671875,0.0004505901927132072
45.8221435546875,0.0001076845421721373
45.867919921875,-0.00024684914023964666
45.9136962890625,0.00014988499685841816
45.95947265625,-0.0002976710788971104
46.0052490234375,0.00029753155672551657
46.051025390625,-2.583889902041392e-05
46.0968017578125,-0.0002409660169178096
46.142578125,0.00029749855912086787
46.1883544921875,-7.0115087069666515e-06
46.234130859375,-6.2600328476492e-05
46.2799072265625,-0.0006190508088366187
46.32568359375,0.0009674929515313124
46.3714599609375,-0.0005071388500255125
46.417236328125,0.00022658835518996057
46.4630126953125,-0.0003098645890986518
46.5087890625,5.026929628115795e-05
46.5545654296875,0.0005306612820277223
46.600341796875,-0.0006878299245727248
46.6461181640625,0.00033849303804345254
46.69189453125,0.0001560805173994595
46.7376708984375,-0.000444308142277805
46.783447265625,0.0002456528420680115
46.8292236328125,3.290232797326098e-05
46.875,-8.423987907235642e-05
46.9207763671875,8.752525104682718e-05
46.966552734375,-5.165744099144831e-05
47.0123291015625,-2.79321366036811e-05
47.05810546875,0.0003428439470098965
47.1038818359375,-0.0003955056797622092
47.149658203125,-0.0001069058086500263
47.1954345703125,0.0005021795459470013
47.2412109375,-0.00015075978865297657
47.2869873046875,-0.00034585471553327807
47.332763671875,0.000148163024960013
47.3785400390625,-0.0002043073976665255
47.42431640625,0.00044435648760554614
47.4700927734375,-0.0004124012207284977
47.515869140625,0.00028431625764824275
47.5616455078125,-0.0002664757801085216
47.607421875,0.00029183814831412747
47.6531982421875,5.663802227218184e-05
47.698974609375,-0.00014009449955665332
47.7447509765625,1.9880173063313578e-06
47.79052734375,-0.00020751318174916378
47.8363037109375,0.0003949193683183694
47.882080078125,-0.000275231514024199
47.9278564453125,0.0003272931508035981
47.9736328125,-0.00023943456994857115
48.0194091796875,-6.666150653700242e-05
48.065185546875,0.0004504223625190207
48.1109619140625,-0.0007755951969556918
48.15673828125,-6.0066987828122365e-05
48.2025146484375,0.0007043433356557216
48.248291015625,-0.00034506851420701423
48.2940673828125,-0.00020814542267544311
48.33984375,0.0008381530847145768
48.3856201171875,-0.0010992384886776563
48.431396484375,0.0009018386890602414
48.4771728515625,-0.00035003458265236986
48.52294921875,-0.0003937762187433691
48.5687255859375,0.0008895517566998024
48.614501953125,-0.00028917094141434063
48.6602783203125,-0.0006468612809840124
48.7060546875,0.0004181234203315398
48.7518310546875,0.0005162146408110857
48.797607421875,-0.0011097853302999283
48.8433837890625,0.0009508362381893676
48.88916015625,-0.0005759665668847447
48.9349365234375,0.000456161018291823
48.980712890625,-0.00023867511345088133
49.0264892578125,2.8985617461785296e-05
49.072265625,0.000266382897962103
49.1180419921875,-0.0006927506319698296
49.163818359375,0.000364996395774142
49.2095947265625,0.00032086745704873465
49.25537109375,-0.0006661283578068833
49.3011474609375,0.00035760132277573575
49.346923828125,-4.152923338551773e-05
49.3927001953125,0.00016418616155533527
49.4384765625,-6.225558735195591e-05
49.4842529296875,0.00021894875601446984
49.530029296875,-0.00016005208181013586
49.5758056640625,-0.0002926805109382258
49.62158203125,0.0005153014512870868
49.6673583984375,-0.0003683264537812647
49.713134765625,-0.0003718743926128809
49.7589111328125,0.0004057266096424428
49.8046875,0.0007983458658600284
49.8504638671875,-0.001711200980025751
49.896240234375,0.0013762413573203958
49.9420166015625,-0.0004918267109133012
49.98779296875,-0.0005458470013763872
50.0335693359375,0.0012401168305586907
50.079345703125,-0.0002691920713004947
50.1251220703125,-0.0005486495524564816
50.1708984375,-0.00018397504675249365
50.2166748046875,0.000846565683332301
50.262451171875,-0.000806377272510872
50.3082275390625,0.00026352270765528374
50.35400390625,-0.00030898723935024464
50.3997802734375,0.0017569892634128337
50.445556640625,-0.002835357008734718
50.4913330078125,0.002066768047370715
50.537109375,-0.0009296117582380248
50.5828857421875,-0.0005039869961365184
50.628662109375,0.0018057868373944075
50.6744384765625,-0.000796663925939356
50.72021484375,-0.00035177282597942394
50.7659912109375,0.00024418213229182584
50.811767578125,0.00020110938692141644
50.8575439453125,-0.0005433510068542091
50.9033203125,0.00014562073147317278
50.9490966796875,0.0002733864903348149
50.994873046875,4.5141575810703216e-05
51.0406494140625,-0.0003820233587248367
51.08642578125,0.00013406217647116137
51.1322021484375,-0.00012576131780406286
51.177978515625,0.0002503234668438381
51.2237548828125,4.54044571038259e-10
51.26953125,0.0002878605300793424
51.3153076171875,-0.0005801884412903746
51.361083984375,-0.0002449178566621413
51.4068603515625,0.0008506005997332977
51.45263671875,-0.0005420113211584976
51.4984130859375,0.00011239041697308494
51.544189453125,0.00016331435404026706
51.5899658203125,-0.00019583971777592524
51.6357421875,-0.000144762125842135
51.6815185546875,0.00022217187733986066
51.727294921875,0.000481498432236549
51.7730712890625,-0.0006575201041414402
51.81884765625,0.0001395464153119974
51.8646240234375,-9.796369937475902e-05
51.910400390625,0.00027716436079572304
51.9561767578125,-0.00031714836268292856
52.001953125,0.00033002226018652436
52.0477294921875,-0.0009913533176586498
52.093505859375,0.001262039404537063
52.1392822265625,-0.0004596915914589772
52.18505859375,0.00037745772374364606
52.2308349609375,-0.0005836996024299879
52.276611328125,0.0003786259696880734
52.3223876953125,-0.00027473276986711426
52.3681640625,5.211397891002889e-05
52.4139404296875,0.00038964265058893943
52.459716796875,-0.0005141295105204335
52.5054931640625,0.0004683038241637405
52.55126953125,-0.0003073750463045144
52.5970458984375,-0.00017056206047527667
52.642822265625,0.00038195588558664895
52.6885986328125,-0.00019463438150069123
52.734375,-1.5370968498018556e-05
52.7801513671875,0.0003835506845462078
52.825927734375,-0.0006085841732783592
52.8717041015625,-8.553257657695212e-05
52.91748046875,0.0006974316875130171
52.9632568359375,-0.0003888045512212557
53.009033203125,3.90539263150913e-05
53.0548095703125,-0.0001494279189273584
53.1005859375,0.00017225619330929476
53.1463623046875,2.5681568871505078e-05
53.192138671875,-0.00039250016925507225
53.2379150390625,0.0008812772307464911
53.28369140625,-0.0005280869572743541
53.3294677734375,-0.0002776771736989758
53.375244140625,6.13601329746416e-05
53.4210205078125,0.0005925183472754725
53.466796875,-0.0003922030487046868
53.5125732421875,-0.0003240767512124876
53.558349609375,0.0002663082057097199
53.6041259765625,0.0005332759087650629
53.64990234375,-0.0011047816315112868
53.6956787109375,0.0010453863978909794
53.741455078125,-0.0005450558546726825
53.7872314453125,0.0008385177920899878
53.8330078125,-0.000776106389821507
53.8787841796875,-4.5870667264580334e-05
53.924560546875,0.00030534198458553874
53.9703369140625,-0.0007290388452929619
54.01611328125,0.00043339267108422064
54.0618896484375,0.0004486654177071614
54.107666015625,-0.00037329954238884966
54.1534423828125,-0.000462418228153183
54.19921875,0.0006575573934242129
54.2449951171875,5.251515133863904e-05
54.290771484375,4.386438590131547e-05
54.3365478515625,-0.0005372527311919839
54.38232421875,-0.00022810917243987205
54.4281005859375,0.0006605526436942455
54.473876953125,0.00016378700706809468
54.5196533203125,-0.0004296094004985207
54.5654296875,7.987444661239351e-05
54.6112060546875,-0.00037490394788619597
54.656982421875,0.00025982126317103393
54.7027587890625,0.0008904059995984426
54.74853515625,-0.0009295566201217298
54.7943115234375,-0.0002717762299653259
54.840087890625,0.000663647142573609
54.8858642578125,0.000372214543631344
54.931640625,-0.00028295556830926216
54.9774169921875,-0.0005295687515172176
55.023193359375,0.0009671198313299101
55.0689697265625,-0.0013545708270612522
55.11474609375,0.001367327513435157
55.1605224609375,-0.0009863025525191915
55.206298828125,-0.0006510180128316279
55.2520751953125,0.0008401709123972978
55.2978515625,0.0001493196748469927
55.3436279296875,-0.000740293785383983
55.389404296875,0.0016922055010581971
55.4351806640625,-0.0010770909284474328
55.48095703125,0.0009919709782479913
55.5267333984375,-0.005017211606173078
55.572509765625,0.007248024303407874
55.6182861328125,-0.005409311143012019
55.6640625,0.004881422682956327
55.7098388671875,-0.0031202971513266675
55.755615234375,-0.0009605123523215298
55.8013916015625,0.002202120413130615
55.84716796875,-0.0021846437903150218
55.8929443359375,0.002929480388047523
55.938720703125,-0.002306998112544534
55.9844970703125,0.0014525309097734862
56.0302734375,-0.0002200793716156113
56.0760498046875,-0.002639239937707316
56.121826171875,0.0018434299136060872
56.1676025390625,0.002660623295014375
56.21337890625,0.0006477646365965484
56.2591552734375,-0.008306783456646372
56.304931640625,0.008250432074419223
56.3507080078125,-0.004878477284364635
56.396484375,0.00045860792852181476
56.4422607421875,0.0065008621277229395
56.488037109375,-0.005290063199936412
56.5338134765625,-0.0013763374226982705
56.57958984375,0.0016764064412200241
56.6253662109375,0.0009909263098961674
56.671142578125,-0.0006299025017142412
56.7169189453125,-0.0012179559689684538
56.7626953125,0.0002945442361124151
56.8084716796875,0.002260967676193104
56.854248046875,-0.004838337645196589
56.9000244140625,0.004934689513902413
56.94580078125,-0.0035002765343961073
56.9915771484375,0.002386291043876554
57.037353515625,-0.00013905481921483442
57.0831298828125,-0.0021134483176865615
57.12890625,0.001979962462428375
57.1746826171875,-0.00045024481210020895
57.220458984375,-0.00023624605205441185
57.2662353515625,0.003891062533512013
57.31201171875,-0.007827547960914671
57.3577880859375,0.005512821644515498
57.403564453125,-0.0027884839255420957
57.4493408203125,0.007120304871932603
57.4951171875,-0.011347345207468607
57.5408935546875,0.007716913387412205
57.586669921875,-0.0036611420455301413
57.6324462890625,-0.0005733255079576338
57.67822265625,0.005974526629870525
57.7239990234375,-0.0026466036615602206
57.769775390625,-0.0022509702830575407
57.8155517578125,0.0012234733048899216
57.861328125,0.0009358647616863891
57.9071044921875,-0.002406804469501367
57.952880859375,0.0023361440071312245
57.9986572265625,-0.0016171326251424034
58.04443359375,0.0022373435513145523
58.0902099609375,-0.004086884018761339
58.135986328125,0.003990734512626659
58.1817626953125,-0.0027831415536638815
58.2275390625,0.0011912854915863136
58.2733154296875,0.0021993114387441892
58.319091796875,-0.002628018819450517
58.3648681640625,0.00039102906157495454
58.41064453125,-0.0006918215831319685
58.4564208984375,0.0013065874782114406
58.502197265625,0.00046597978098361637
58.5479736328125,-0.0018729925841398654
58.59375,0.0019270714801677968
58.6395263671875,-0.0013201727142586606
58.685302734375,-0.00010535477201756294
58.7310791015625,0.0005439546839625109
58.77685546875,-0.0005802983764624514
58.8226318359375,0.001118726117965707
58.868408203125,-0.0005417467150437005
58.9141845703125,-9.70486553342198e-05
58.9599609375,-0.0001349895342173113
59.0057373046875,-3.646173851734602e-05
59.051513671875,0.0006704652264488686
59.0972900390625,-0.0006765699254174251
59.14306640625,0.00037768964489259815
59.1888427734375,-0.0006778527676942758
59.234619140625,0.0006776637064831448
59.2803955078125,-0.00039823061115384917
59.326171875,0.0006384703397088742
59.3719482421875,-0.0002677736006262421
59.417724609375,-0.0005870227255400096
59.4635009765625,0.0004598219902618439
59.50927734375,-0.00028844388566540147
59.5550537109375,0.0004459515139387804
59.600830078125,-0.00046280629817374574
59.6466064453125,0.0008257810577561031
59.6923828125,-0.0010989546126438654
59.7381591796875,0.0003445440768246044
59.783935546875,0.0013822642586092115
59.8297119140625,-0.0015045977761474205
59.87548828125,0.00035479027360452164
59.9212646484375,-0.0004647611149266595
59.967041015625,0.0006505659371214279
60.0128173828125,0.00033431848578402423
60.05859375,-0.0009623264531910536
60.1043701171875,0.0007228804861370008
60.150146484375,-0.00042115155451938335
60.1959228515625,-0.00012405473626131425
60.24169921875,0.00013154306088836165
60.2874755859375,0.00043853651732206345
60.333251953125,-0.0009974863814932178
60.3790283203125,0.0006683833362330915
60.4248046875,0.00043122787474203506
60.4705810546875,-0.0005278656658447289
60.516357421875,0.00020911117815103353
60.5621337890625,-0.0005211994675846654
60.60791015625,0.0005494009656104026
60.6536865234375,-1.1441480651797065e-05
60.699462890625,-0.00023632718182398094
60.7452392578125,0.00031815122270018037
60.791015625,-0.00036257520719118475
60.8367919921875,0.0004386998853078694
60.882568359375,-0.00043895775547753146
60.9283447265625,0.00025878730980366527
60.97412109375,-3.3945891431130804e-05
61.0198974609375,-0.00034252587965966086
61.065673828125,0.000645731063286803
61.1114501953125,-0.0007206537020465476
61.1572265625,0.00024218309135903837
61.2030029296875,0.00030339134582391125
61.248779296875,-0.00020845629933319287
61.2945556640625,6.620713577376591e-05
61.34033203125,-0.00035022591760025534
61.3861083984375,0.0007701006552451872
61.431884765625,-0.0006691773819511582
61.4776611328125,0.00024410951482423116
61.5234375,-0.0002766947488908045
61.5692138671875,0.0005025744371778273
61.614990234375,-0.000728114628145704
61.6607666015625,0.00037684841913687706
61.70654296875,-1.3327622339076584e-06
61.7523193359375,0.0002777878194137884
61.798095703125,-0.0003921253437511041
61.8438720703125,0.0004245257514412515
61.8896484375,-0.0004829651629734144
61.9354248046875,-1.115831604892037e-05
61.981201171875,0.0005491996262207977
62.0269775390625,9.941756928810719e-05
62.07275390625,-0.0004656649821299652
62.1185302734375,0.00020651003751481767
62.164306640625,-0.00019802769202215131
62.2100830078125,0.00011336421579244416
62.255859375,-0.0001040911215000051
62.3016357421875,-0.00023530675719030114
62.347412109375,0.0002799434071221185
62.3931884765625,0.00041043918486138864
62.43896484375,-0.00042722300008790626
62.4847412109375,-5.0364619141873845e-05
62.530517578125,-0.0004988511932424444
62.5762939453125,0.0011800498214142863
62.6220703125,-0.0010164689001612714
62.6678466796875,4.122339447576451e-05
62.713623046875,0.0010673537644834141
62.7593994140625,-0.001187998691420944
62.80517578125,0.0003036454643279285
62.8509521484375,0.0006805005341448123
62.896728515625,-0.00046039636458772293
62.9425048828125,-0.00034061915243910335
62.98828125,0.0003921279869700811
63.0340576171875,0.00018425342318550975
63.079833984375,-0.0007335601139857317
63.1256103515625,-5.967257976635665e-05
63.17138671875,0.0012351399618637515
63.2171630859375,-0.0005257472821540432
63.262939453125,0.0004238031863224023
63.3087158203125,-0.0017721927179081831
63.3544921875,0.0012649070413317531
63.4002685546875,0.0005740253072872292
63.446044921875,-0.0016853435909069958
63.4918212890625,0.0015753429352116655
63.53759765625,-0.0005835029242007295
63.5833740234375,0.0001495353245672959
63.629150390625,-0.0002123254603247915
63.6749267578125,7.901333276549849e-05
63.720703125,-0.00020351666307760752
63.7664794921875,-0.0003311295699859329
63.812255859375,0.0008645956199870852
63.8580322265625,0.00026978065648108895
63.90380859375,-0.0009317251397078508
63.9495849609375,-0.00015639052719507163
63.995361328125,0.0014210456811269978
64.0411376953125,-0.0011752434829759295
64.0869140625,0.00024326641323568765
64.1326904296875,0.0003619464905568748
64.178466796875,-0.0005735572585763293
64.2242431640625,0.0001246755942929667
64.27001953125,-0.00023356139422503475
64.3157958984375,0.00025226620437024394
64.361572265625,0.0005181031497158983
64.4073486328125,-0.00021313928755262168
64.453125,-0.000572471492432669
64.4989013671875,-0.0015554862784483703
64.544677734375,0.004094948053534608
64.5904541015625,-0.0026503093977225944
64.63623046875,1.2571736540678558e-05
64.6820068359375,0.002773049345705658
64.727783203125,-0.0033561561849637656
64.7735595703125,0.0005448726483336941
64.8193359375,0.0002328195733980465
64.8651123046875,0.00028954065101061133
64.910888671875,0.00015482866899674264
64.9566650390625,-0.000582563018269866
65.00244140625,0.00047095787181206106
65.0482177734375,-0.00041316349097542115
65.093994140625,-0.00012542309946184105
65.1397705078125,0.000959641170084069
65.185546875,-0.00026367311534158944
65.2313232421875,-0.00040920497212937335
65.277099609375,0.00045077280219629756
65.3228759765625,-0.0003309709200038924
65.36865234375,0.00018766779419365776
65.4144287109375,-0.00043717133735299285
65.460205078125,0.0001409371179761365
65.5059814453125,0.0003586204684324912
65.5517578125,-0.0005005687739867426
65.5975341796875,0.0004828833652936737
65.643310546875,-0.0003516066726660938
65.6890869140625,0.0003313337231247715
65.73486328125,-4.3401321647706936e-05
65.7806396484375,-0.00024630452344354126
65.826416015625,8.852325095176639e-05
65.8721923828125,-0.00010871949740476339
65.91796875,0.0002806061729643261
65.9637451171875,9.413071211383794e-05
66.009521484375,-0.00021957013984774676
66.0552978515625,4.1225149516321835e-05
66.10107421875,0.00011974906044542877
66.1468505859375,-0.0009079820983970421
66.192626953125,0.0005986080395814497
66.2384033203125,0.00018285732039657887
66.2841796875,0.00042305714487156365
66.3299560546875,-0.0004464101266421494
66.375732421875,-0.00022475349226169783
66.4215087890625,0.0005733355692427722
66.46728515625,-0.0004536377957720106
66.5130615234375,-0.00030000680339981045
66.558837890625,0.0008249673442151106
66.6046142578125,-0.0007014198217802914
66.650390625,0.0003282046634467406
66.6961669921875,-0.000337755324153477
66.741943359375,0.00023628399503650144
66.7877197265625,0.0004239022359797673
66.83349609375,-0.0008617418529865972
66.8792724609375,0.0009010838653011888
66.925048828125,-0.0006458113830376533
66.9708251953125,0.00021077049439099937
67.0166015625,-0.0001939538236683802
67.0623779296875,0.0004154973396452988
67.108154296875,-0.0005983318942526239
67.1539306640625,0.0005221925221121637
67.19970703125,0.00026531191110734653
67.2454833984375,-0.0011492419389469433
67.291259765625,0.0010474589089426445
67.3370361328125,-9.654480948029232e-05
67.3828125,-0.0005163015543985239
67.4285888671875,0.0006606903184547264
67.474365234375,-0.0007975537528182031
67.5201416015625,0.0008075759296843898
67.56591796875,-0.00045327610109779926
67.6116943359375,0.00035324299574313045
67.657470703125,-0.0009898955113385455
67.7032470703125,0.0010896366120505263
67.7490234375,-0.0003891513813414349
67.7947998046875,0.0007844562901482277
67.840576171875,-0.0003463438531525753
67.8863525390625,-0.001381221068186278
67.93212890625,0.0007201403491308156
67.9779052734375,0.0005275913963487255
68.023681640625,-0.0007147742735469365
68.0694580078125,0.000991151864582207
68.115234375,-0.0011660421250780928
68.1610107421875,0.0010151331935048802
68.206787109375,-0.0001696007529972121
68.2525634765625,0.0002851247131729906
68.29833984375,-0.0015910709407762624
68.3441162109375,0.0011658271432679612
68.389892578125,-0.0005795263859909028
68.4356689453125,0.0001936279403480512
68.4814453125,0.0011653039564407663
68.5272216796875,-0.0008787945375843265
68.572998046875,-0.000196884045067236
68.6187744140625,0.00037606514524668455
68.66455078125,0.000393060986425553
68.7103271484375,-0.001109375034502591
68.756103515625,0.00024206460125242302
68.8018798828125,-0.00020159518498985562
68.84765625,0.0009853960136751994
68.8934326171875,0.00039893438952276483
68.939208984375,-0.0016578791246502078
68.9849853515625,0.0007873075560382858
69.03076171875,0.00041288566876573896
69.0765380859375,0.0006810133186263556
69.122314453125,-0.002374581072217552
69.1680908203125,0.0014888431678627967
69.2138671875,-0.00042322474769207474
69.2596435546875,6.141754482769102e-05
69.305419921875,0.0001796348954030691
69.3511962890625,-0.00043270784999549505
69.39697265625,0.00046774366069257667
69.4427490234375,-0.00019609939272413612
69.488525390625,0.00042747447537294647
69.5343017578125,-0.0002513119170544087
69.580078125,0.0016026405091906781
69.6258544921875,-0.0023288262127607595
69.671630859375,-0.00024613075311208377
69.7174072265625,0.001278729996556649
69.76318359375,-0.0006765628768334864
69.8089599609375,-0.0014092265701037832
69.854736328125,0.0029499547054001596
69.9005126953125,-0.0009146289130512741
69.9462890625,-0.00034872098808591545
69.9920654296875,0.0002848713904768374
70.037841796875,-0.00048330360868931166
70.0836181640625,-0.00013823361655340705
70.12939453125,-0.0007697846058363211
70.1751708984375,0.0007040453624540532
70.220947265625,0.0013335816220205743
70.2667236328125,0.001580914272381051
70.3125,-0.003262291556893615
70.3582763671875,9.65530730923092e-05
70.404052734375,0.0005470283213071525
70.4498291015625,0.0015750860029584146
70.49560546875,-0.004474256911635166
70.5413818359375,0.004796431312570348
70.587158203125,-0.0022700714907841757
70.6329345703125,0.001017231511468708
70.6787109375,0.00012015044603685965
70.7244873046875,-0.0032713332984712906
70.770263671875,0.004449754214874702
70.8160400390625,-0.0012856146440753946
70.86181640625,-0.002258194399473723
70.9075927734375,0.0028876468149974244
70.953369140625,-0.0010474202554178191
70.9991455078125,-0.0006677094006590778
71.044921875,0.001139558548857167
71.0906982421875,-0.0006772685310352244
71.136474609375,-0.000547289062069467
71.1822509765625,0.0014117653108769446
71.22802734375,-0.0011240030062253936
71.2738037109375,0.0014473538385573192
71.319580078125,-0.0035433390621619765
71.3653564453125,0.003452311830187682
71.4111328125,-0.0009494323762737622
71.4569091796875,0.002364255578868324
71.502685546875,-0.00483641451864969
71.5484619140625,0.0005824916229357768
71.59423828125,0.0034023628359136637
71.6400146484375,-0.0007201897460618056
71.685791015625,-0.003891403139277827
71.7315673828125,0.009471902558289003
71.77734375,-0.0069958273343218025
71.8231201171875,-0.0013607723303721286
71.868896484375,0.001599721485945338
71.9146728515625,-0.000581339122618374
71.96044921875,0.0033370520213793498
72.0062255859375,-0.0038304319787130225
72.052001953125,0.001383275616717583
72.0977783203125,0.00025549175575179106
72.1435546875,-0.0016668523130647372
72.1893310546875,0.0021181247120694024
72.235107421875,-0.00012162399798398837
72.2808837890625,-0.0017061881862900918
72.32666015625,0.003065958480874542
72.3724365234375,-0.0023708805656497134
72.418212890625,0.0005979665047561866
72.4639892578125,-0.001132957436311699
72.509765625,0.0002936527323527116
72.5555419921875,0.00287419902633701
72.601318359375,-0.003603562390708248
72.6470947265625,0.0013238310430097044
72.69287109375,0.0009174621595775534
72.7386474609375,-0.0011343227015458979
72.784423828125,0.0004679097855841974
72.8302001953125,-0.0002243471897145355
72.8759765625,0.00035430915090728377
72.9217529296875,-0.0009978892876461032
72.967529296875,0.0006297925096987456
73.0133056640625,0.0009619876664146432
73.05908203125,-0.0011093841294496087
73.1048583984375,0.0003447375718224066
73.150634765625,-0.0006604862505810161
73.1964111328125,0.0010468642130945227
73.2421875,-0.0014319801948659006
73.2879638671875,0.00139148698963254
73.333740234375,-0.0003245382060867996
73.3795166015625,0.0007442026799253654
73.42529296875,-0.0012231869277457008
73.4710693359375,-0.0009114551744460186
73.516845703125,0.001259055807167897
73.5626220703125,0.0007540386377513641
73.6083984375,-0.0007748643611193984
73.6541748046875,0.000439949701558362
73.699951171875,-0.0007573535754090699
73.7457275390625,0.0003687756304771028
73.79150390625,-0.000750224842249736
73.8372802734375,0.001178107709165488
73.883056640625,0.00018446266381033638
73.9288330078125,-0.0009342242606180662
73.974609375,0.0002511029890683858
74.0203857421875,3.2891357193420845e-05
74.066162109375,-4.2424069590651925e-05
74.1119384765625,0.0005426944653663668
74.15771484375,-0.0006088829991313105
74.2034912109375,0.00017928657314314478
74.249267578125,-3.709282481167975e-05
74.2950439453125,-0.000923100856198289
74.3408203125,0.0014778509012103314
74.3865966796875,-0.0012392014241413563
74.432373046875,0.0015549688896498992
74.4781494140625,-0.0012586571074280073
74.52392578125,0.0004433505296219664
74.5697021484375,-8.859563394025827e-05
74.615478515625,-0.0005250594767858274
74.6612548828125,0.0009728136092235218
74.70703125,-0.0008658509500492073
74.7528076171875,0.000987224893833627
74.798583984375,-0.0007079852366587147
74.8443603515625,0.00016009428804864
74.89013671875,0.00043475552047311794
74.9359130859375,-0.0013163449921194115
74.981689453125,0.0015500951349167735
75.0274658203125,-0.0011555188166312291
75.0732421875,0.0009492268304711615
75.1190185546875,-0.00040035166648522136
75.164794921875,-0.0006227310791473428
75.2105712890625,0.0014482287724604248
75.25634765625,-0.001846106101766054
75.3021240234375,0.001666019329604751
75.347900390625,-0.0014930466250007157
75.3936767578125,0.0021328619368432555
75.439453125,-0.0026820323455467587
75.4852294921875,0.0013435595747068874
75.531005859375,0.0010980049864883767
75.5767822265625,-0.0022951726350584067
75.62255859375,0.00072237156700794
75.6683349609375,0.0010011742688220693
75.714111328125,-0.0009349633387500944
75.7598876953125,0.0008582501891396532
75.8056640625,-0.0004374653599370504
75.8514404296875,-0.0002823680063102074
75.897216796875,-8.780077109804552e-05
75.9429931640625,2.9075591712057758e-05
75.98876953125,0.0017651431107879034
76.0345458984375,-0.0018233679384138668
76.080322265625,0.00038408742852880096
76.1260986328125,0.00030675502671329014
76.171875,-0.0009769934194991947
76.2176513671875,0.0009122777555603534
76.263427734375,-0.00025713737272781145
76.3092041015625,0.0002574906829977408
76.35498046875,5.3785509379622454e-05
76.4007568359375,-0.0007699050570408872
76.446533203125,0.0008373397690775164
76.4923095703125,-0.0008437672818217834
76.5380859375,0.0009113330179388868
76.5838623046875,-0.0006646100700891111
76.629638671875,0.00030297954367597413
76.6754150390625,-0.0006528173912556667
76.72119140625,0.0016892327039386146
76.7669677734375,-0.002575439793872647
76.812744140625,0.0021445637230499415
76.8585205078125,-0.000908192475890246
76.904296875,0.0011783702120737871
76.9500732421875,-0.0012539576346171089
76.995849609375,-0.00046847915768921666
77.0416259765625,0.0008529267461199197
77.08740234375,0.00010003654438150988
77.1331787109375,-6.540552277556344e-05
77.178955078125,0.0007062332088025869
77.2247314453125,-0.0010401910230939393
77.2705078125,-0.00021883639078623673
77.3162841796875,0.000839768176774669
77.362060546875,-0.000671871134727553
77.4078369140625,0.0003022942962616071
77.45361328125,-0.0005258434043753368
77.4993896484375,0.0015847773511268315
77.545166015625,-0.0016790014569778577
77.5909423828125,0.000739868255550391
77.63671875,0.00019311019627821224
77.6824951171875,-0.000693807749030384
77.728271484375,5.984574613648874e-05
77.7740478515625,-0.00011250482145896967
77.81982421875,0.0006847956797173538
77.8656005859375,-8.259198835958159e-05
77.911376953125,0.00023314483144076803
77.9571533203125,-0.0011634504062385531
78.0029296875,0.00026602660341268347
78.0487060546875,0.00048138099373318255
78.094482421875,-0.000194823655874643
78.1402587890625,0.0012012432080155122
78.18603515625,-0.0016512060483364621
78.2318115234375,0.0005579950084211305
78.277587890625,-0.00018002300805619598
78.3233642578125,-3.101236600855373e-05
78.369140625,0.00015742146786124067
78.4149169921875,0.000329666505649584
78.460693359375,0.00024113629137900716
78.5064697265625,-0.0011180635510754655
78.55224609375,-0.00028058519774276647
78.5980224609375,0.0028265385481063277
78.643798828125,-0.0028468703021644615
78.6895751953125,0.001245124281012977
78.7353515625,0.0009591565230948618
78.7811279296875,-0.0025098136120504932
78.826904296875,0.0007951404654704675
78.8726806640625,0.0014669767551822588
78.91845703125,-0.0016000276445993222
78.9642333984375,-0.0005793350510430173
79.010009765625,0.003341418732816237
79.0557861328125,-0.0028794518129870994
79.1015625,0.0005742285225096566
79.1473388671875,-0.0003814835736193345
79.193115234375,0.0023425502604368376
79.2388916015625,-0.0033359283406753093
79.28466796875,0.0015873739585003932
79.3304443359375,-5.00161512206887e-05
79.376220703125,0.00028110372340961476
79.4219970703125,2.981642666100015e-05
79.4677734375,-0.000443025413687792
79.5135498046875,-0.0001715671942292829
79.559326171875,0.00026346128834120464
79.6051025390625,0.0005458488203657907
79.65087890625,-0.0007003956170592573
79.6966552734375,8.456748901153333e-05
79.742431640625,-0.00019276480145435926
79.7882080078125,0.0006108451202635479
79.833984375,-0.0009512205565442855
79.8797607421875,0.0008630207162241277
79.925537109375,0.00041669639472274866
79.9713134765625,-0.000875142575296195
80.01708984375,0.00040921452182374196
80.0628662109375,0.0001668245630526144
80.108642578125,0.00024721575186958944
80.1544189453125,-0.001455914002690406
80.2001953125,-0.0004443530201569956
80.2459716796875,0.001878870989457937
80.291748046875,-0.0003749185566448432
80.3375244140625,-0.0008118958589875547
80.38330078125,0.0006924072408764914
80.4290771484375,0.00010429651808863127
80.474853515625,0.001065801598088001
80.5206298828125,-0.002582268280093558
80.56640625,0.001668371623964049
80.6121826171875,0.0001958328539330978
80.657958984375,-0.0007517736548834364
80.7037353515625,-0.000869676398451702
80.74951171875,0.0032078944514069008
80.7952880859375,-0.0038576808947254904
80.841064453125,0.0036433561945159454
80.8868408203125,-0.004719608114100993
80.9326171875,0.005168390089238528
80.9783935546875,-0.0025952717805921566
81.024169921875,0.0009371254350298841
81.0699462890625,-0.002002174369408749
81.11572265625,0.0023428472104569664
81.1614990234375,-0.0014569893664884148
81.207275390625,0.00038995639783934166
81.2530517578125,-0.000702209376868268
81.298828125,0.00010604479427911429
81.3446044921875,0.0018935429579869378
81.390380859375,-0.0010257755320708384
81.4361572265625,-0.0018402607793177594
81.48193359375,0.002159341647711699
81.5277099609375,-0.0008263682502729353
81.573486328125,0.0005361782200452581
81.6192626953125,-0.0005160847535989888
81.6650390625,0.0013877590845368104
81.7108154296875,-0.0024348362330783857
81.756591796875,0.0025799640752666164
81.8023681640625,-0.0023049901756166946
81.84814453125,0.0011482075024105143
81.8939208984375,0.0006077921739233716
81.939697265625,-0.001674808117968496
81.9854736328125,0.001416705345036462
82.03125,-3.201768095095758e-05
82.0770263671875,6.660443752082301e-06
82.122802734375,-0.0004655925351926271
82.1685791015625,-0.0005292545210977551
82.21435546875,0.0007018595624685986
82.2601318359375,0.00023306840546410967
82.305908203125,-0.0009902057627186878
82.3516845703125,0.0007022189265626366
